{
  "data":[{"id":1,"registration_id":"5655479851","conference_location":"MALASIA","full_name":"Rahul","sex":"M","dob":"2019-03-08","email":"rs280599@gmail.com","nationality":"Indian","residence_country":"India","enrolled_as":"SNRH","field_of_study":"CSE","univ_name":"IIT Roorkee","food_preference":"VEG","tshirt_size":"S","funded_by":"PRT","known_from":"Google","prev_experience":"None","referral_code":"","motivation_letter":"Im batman","status":"ACCEPT","submission_time":"2019-03-27 23:34:53"},{"id":2,"registration_id":"5655479851","conference_location":"EGYPT","full_name":"Rahul","sex":"M","dob":"2019-03-10","email":"rsingh@cs.iitr.ac.in","nationality":"Indian","residence_country":"India","enrolled_as":"GRAD","field_of_study":"CSE","univ_name":"IIT Roorkee","food_preference":"VEG","tshirt_size":"L","funded_by":"PRT","known_from":"Google","prev_experience":"None","referral_code":"","motivation_letter":"Some reasons!","status":"ACCEPT","submission_time":"2019-03-28 11:04:17"},{"id":3,"registration_id":"5655479851","conference_location":"EGYPT","full_name":"Rahul Singh","sex":"Male","dob":"1999-03-28","email":"rs280599@gmail.com","nationality":"","residence_country":"India","enrolled_as":"Senior High School","field_of_study":"CSE","univ_name":"IIT Roorkee","food_preference":"Veg","tshirt_size":"large","funded_by":"MYSELF","known_from":"None","prev_experience":"None","referral_code":"y","motivation_letter":"I'm Batmanjhvjjhvjhvjhvjhvhjvjhvjhvjvjvjhvjhvjhvjvjhvhjvuhj v hj hjv jhv jhv jhv jhvjhvjhvjhvjhvjh hjv jhvjhvyu","status":"PENDING","submission_time":"2019-04-11 09:40:33"},
{"id":4,"registration_id":"5655479851","conference_location":"MALASIA","full_name":"Rahul","sex":"M","dob":"2019-03-08","email":"rs280599@gmail.com","nationality":"Indian","residence_country":"India","enrolled_as":"SNRH","field_of_study":"CSE","univ_name":"IIT Roorkee","food_preference":"VEG","tshirt_size":"S","funded_by":"PRT","known_from":"Google","prev_experience":"None","referral_code":"","motivation_letter":"Im batman","status":"ACCEPT","submission_time":"2019-03-27 23:34:53"},{"id":5,"registration_id":"5655479851","conference_location":"EGYPT","full_name":"Rahul","sex":"M","dob":"2019-03-10","email":"rsingh@cs.iitr.ac.in","nationality":"Indian","residence_country":"India","enrolled_as":"GRAD","field_of_study":"CSE","univ_name":"IIT Roorkee","food_preference":"VEG","tshirt_size":"L","funded_by":"PRT","known_from":"Google","prev_experience":"None","referral_code":"","motivation_letter":"Some reasons!","status":"ACCEPT","submission_time":"2019-03-28 11:04:17"},{"id":6,"registration_id":"5655479851","conference_location":"EGYPT","full_name":"Rahul Singh","sex":"Male","dob":"1999-03-28","email":"rs280599@gmail.com","nationality":"","residence_country":"India","enrolled_as":"Senior High School","field_of_study":"CSE","univ_name":"IIT Roorkee","food_preference":"Veg","tshirt_size":"large","funded_by":"MYSELF","known_from":"None","prev_experience":"None","referral_code":"y","motivation_letter":"I'm Batmanjhvjjhvjhvjhvjhvhjvjhvjhvjvjvjhvjhvjhvjvjhvhjvuhj v hj hjv jhv jhv jhv jhvjhvjhvjhvjhvjh hjv jhvjhvyu","status":"PENDING","submission_time":"2019-04-11 09:40:33"},


{"id":7,"registration_id":"5655479851","conference_location":"MALASIA","full_name":"Rahul","sex":"M","dob":"2019-03-08","email":"rs280599@gmail.com","nationality":"Indian","residence_country":"India","enrolled_as":"SNRH","field_of_study":"CSE","univ_name":"IIT Roorkee","food_preference":"VEG","tshirt_size":"S","funded_by":"PRT","known_from":"Google","prev_experience":"None","referral_code":"","motivation_letter":"Im batman","status":"ACCEPT","submission_time":"2019-03-27 23:34:53"},{"id":8,"registration_id":"5655479851","conference_location":"EGYPT","full_name":"Rahul","sex":"M","dob":"2019-03-10","email":"rsingh@cs.iitr.ac.in","nationality":"Indian","residence_country":"India","enrolled_as":"GRAD","field_of_study":"CSE","univ_name":"IIT Roorkee","food_preference":"VEG","tshirt_size":"L","funded_by":"PRT","known_from":"Google","prev_experience":"None","referral_code":"","motivation_letter":"Some reasons!","status":"ACCEPT","submission_time":"2019-03-28 11:04:17"},{"id":9,"registration_id":"5655479851","conference_location":"EGYPT","full_name":"Rahul Singh","sex":"Male","dob":"1999-03-28","email":"rs280599@gmail.com","nationality":"","residence_country":"India","enrolled_as":"Senior High School","field_of_study":"CSE","univ_name":"IIT Roorkee","food_preference":"Veg","tshirt_size":"large","funded_by":"MYSELF","known_from":"None","prev_experience":"None","referral_code":"y","motivation_letter":"I'm Batmanjhvjjhvjhvjhvjhvhjvjhvjhvjvjvjhvjhvjhvjvjhvhjvuhj v hj hjv jhv jhv jhv jhvjhvjhvjhvjhvjh hjv jhvjhvyu","status":"PENDING","submission_time":"2019-04-11 09:40:33"},

{"id":10,"registration_id":"5655479851","conference_location":"MALASIA","full_name":"Rahul","sex":"M","dob":"2019-03-08","email":"rs280599@gmail.com","nationality":"Indian","residence_country":"India","enrolled_as":"SNRH","field_of_study":"CSE","univ_name":"IIT Roorkee","food_preference":"VEG","tshirt_size":"S","funded_by":"PRT","known_from":"Google","prev_experience":"None","referral_code":"","motivation_letter":"Im batman","status":"ACCEPT","submission_time":"2019-03-27 23:34:53"},{"id":11,"registration_id":"5655479851","conference_location":"EGYPT","full_name":"Rahul","sex":"M","dob":"2019-03-10","email":"rsingh@cs.iitr.ac.in","nationality":"Indian","residence_country":"India","enrolled_as":"GRAD","field_of_study":"CSE","univ_name":"IIT Roorkee","food_preference":"VEG","tshirt_size":"L","funded_by":"PRT","known_from":"Google","prev_experience":"None","referral_code":"","motivation_letter":"Some reasons!","status":"ACCEPT","submission_time":"2019-03-28 11:04:17"},{"id":12,"registration_id":"5655479851","conference_location":"EGYPT","full_name":"Rahul Singh","sex":"Male","dob":"1999-03-28","email":"rs280599@gmail.com","nationality":"","residence_country":"India","enrolled_as":"Senior High School","field_of_study":"CSE","univ_name":"IIT Roorkee","food_preference":"Veg","tshirt_size":"large","funded_by":"MYSELF","known_from":"None","prev_experience":"None","referral_code":"y","motivation_letter":"I'm Batmanjhvjjhvjhvjhvjhvhjvjhvjhvjvjvjhvjhvjhvjvjhvhjvuhj v hj hjv jhv jhv jhv jhvjhvjhvjhvjhvjh hjv jhvjhvyu","status":"PENDING","submission_time":"2019-04-11 09:40:33"}

]}